pair,R382,R618,COP,OP,XOP
BTCUSD,103236.36692,103317.09307999999,102560.14692,102429.48,102218.08692
