pair,R382,R618,COP,OP,XOP
XAUUSD,4117.2228417,4113.5351883,4140.3139317000005,4146.282930000001,4155.939581700001
