pair,R382,R618,COP,OP,XOP
GBPUSD,1.31301652,1.31180348,1.31941652,1.3213800000000002,1.3245565200000002
