pair,R382,R618,COP,OP,XOP
AUDUSD,0.65230294148,0.65182129852,0.65420125148,0.65498086,0.65624211148
