pair,R382,R618,COP,OP,XOP
USDCAD,1.4031335999999999,1.4042664,1.3978436,1.3960100000000002,1.3930436000000002
