pair,R382,R618,COP,OP,XOP
NZDUSD,0.56557785414,0.56488419586,0.5675232941399999,0.5686460799999999,0.5704625241399999
