pair,R382,R618,COP,OP,XOP
USDJPY,153.509312,153.300688,154.66231200000001,155.00000000000003,155.54631200000003
