pair,R382,R618,COP,OP,XOP
USDCHF,0.80094092854,0.80189908146,0.79784094854,0.79629004,0.7937809785400001
