pair,R382,R618,COP,OP,XOP
EURUSD,1.15803484,1.15676516,1.16169484,1.16375,1.1670748400000002
